,A,S,S,I,R,S,S,Y,E,Q,Y
A,4.584962500721156,0.04069459292479232,0.9880729515568302,0.0,-0.011910768053732873,-0.022084416284930953,-0.019106724271497733,-0.019106724271497733,0.0,0.0,0.0
R,0.0,0.0,0.0,0.0,-0.018974305861562003,0.0,0.0,-0.019106724271497733,-0.019106724271497733,0.0,0.0
N,0.0,0.0,0.11765116365052618,0.0,-0.018974305861562003,-0.018974305861562003,0.11765116365052618,0.0,3.6326243103341844,0.0,0.0
D,0.0,-0.022084416284930953,-0.022084416284930953,0.18600686926727414,-0.011910768053732873,-0.018974305861562003,-0.022084416284930953,0.0,-0.019106724271497733,0.0,0.0
C,0.0,0.0,0.0,0.0,0.0,0.0,0.0,0.0,0.0,0.0,0.0
Q,0.0,-0.011910768053732873,0.09671109595715616,-0.019106724271497733,-0.018974305861562003,0.0,-0.018974305861562003,3.4934414917878525,-0.018974305861562003,0.11765116365052618,0.0
E,0.0,0.0,-0.0019074884991272837,0.010438485051069544,-0.022084416284930953,0.0,0.0,0.0,-0.019106724271497733,0.0,0.0
G,0.0,3.3094827915691667,0.613949222405516,1.0239476754092558,3.1727691447509705,3.5861167089056654,-0.018974305861562003,0.010438485051069544,0.0,0.0,0.0
H,0.0,0.0,0.0,-0.022084416284930953,-0.011910768053732873,0.0,0.0,0.0,0.0,0.0,0.0
I,0.0,0.0,-0.019106724271497733,-0.018974305861562003,0.0,0.0,-0.019106724271497733,0.0,0.0,-0.019106724271497733,4.487930890350438
L,0.0,0.0,0.0,0.18600686926727414,0.0,0.0,0.0,0.0,0.0,3.866819404412271,-0.019106724271497733
K,0.0,0.0,0.0,0.0,0.0,0.0,0.0,0.0,-0.022084416284930953,-0.022084416284930953,0.0
M,0.0,-0.019106724271497733,0.0,-0.019106724271497733,0.0,-0.018974305861562003,0.0,0.0,0.0,0.0,-0.019106724271497733
F,0.0,0.0,0.0,-0.019106724271497733,0.0,-0.019106724271497733,0.0,-0.019106724271497733,0.0,0.0,0.0
P,0.0,0.0,0.010438485051069544,-0.019106724271497733,-0.022084416284930953,0.0,0.0,0.0,0.0,0.0,0.0
S,0.0,-0.018974305861562003,0.13956190975951496,-0.022084416284930953,-0.022084416284930953,0.04069459292479232,3.4934414917878525,0.0,0.11765116365052618,0.0,0.0
T,0.0,-0.019106724271497733,-0.022084416284930953,-0.011910768053732873,0.0,0.0,-0.019106724271497733,0.0,0.0,0.0,0.0
W,0.0,0.0,0.0,0.0,0.0,0.0,0.0,0.0,0.0,0.0,0.0
Y,0.0,-0.019106724271497733,0.0,0.28786435783693115,0.0,0.0,0.0,0.13956190975951496,0.0,0.0,0.0
V,0.0,-0.019106724271497733,-0.019106724271497733,0.02473264344147739,0.0,-0.019106724271497733,0.0,0.0,0.0,0.0,0.0
B,0.0,0.0,0.0,0.0,0.0,0.0,0.0,0.0,0.0,0.0,0.0
Z,0.0,0.0,0.0,0.0,0.0,0.0,0.0,0.0,0.0,0.0,0.0
X,0.0,0.0,0.0,0.0,0.0,0.0,0.0,0.0,0.0,0.0,0.0
-,0.0,0.010438485051069544,0.0,-0.0019074884991272837,-0.018974305861562003,0.0,0.0,-0.019106724271497733,0.0,0.0,0.0
