,A,S,S,I,G,S,Y,G,Y,T
A,4.584962500721156,0.0,0.0,-0.021252455089715617,0.0,0.3390260951161873,-0.02052721764386771,-0.02052721764386771,0.0,0.0
R,0.0,0.0,0.0,0.0,-0.02052721764386771,0.0,0.0,0.0,0.0,0.0
N,0.0,0.0,0.0,0.0,0.0,-0.02052721764386771,0.0,0.0,0.0,0.0
D,0.0,0.0,-0.02052721764386771,0.0,0.0,0.0,0.0,0.0,0.0,0.0
C,0.0,0.0,0.0,0.0,0.0,0.0,0.0,0.0,0.0,0.0
Q,0.0,0.0,0.0,0.01231084717112495,0.0,-0.02052721764386771,0.0,-0.021252455089715617,0.0,0.0
E,0.0,0.0,0.0,-0.02052721764386771,-0.02052721764386771,0.0,-0.021252455089715617,0.0,-0.02052721764386771,0.0
G,0.0,0.0,0.0,0.0,4.406565984992949,-0.02052721764386771,0.0,4.406565984992949,0.0,0.0
H,0.0,0.0,0.0,0.0,0.0,0.0,0.15097038616508165,0.0,-0.02052721764386771,0.0
I,0.0,0.0,0.0,2.488238268812269,0.0,-0.014503558850776707,0.0,0.0,0.0,0.0
L,0.0,0.0,0.0,0.030398822892505988,0.0,0.20944039177659304,0.0,0.0,-0.02052721764386771,0.0
K,0.0,0.0,0.0,0.0,0.0,0.0,0.0,0.0,0.0,0.0
M,0.0,0.0,0.0,-0.002900949783391622,0.0,0.0,0.0,0.0,0.0,0.0
F,0.0,0.0,0.0,-0.014503558850776707,0.0,0.0,0.0,0.0,-0.021252455089715617,-0.02052721764386771
P,0.0,0.0,0.0,0.0,0.0,0.0,-0.021252455089715617,0.0,0.0,0.0
S,0.0,4.584962500721156,4.5253536710337485,0.0,0.0,1.0146858535987113,0.0,0.0,0.0,0.0
T,0.0,0.0,0.0,0.12363159533234892,-0.02052721764386771,-0.014503558850776707,0.0,0.0,0.0,4.347390043912668
W,0.0,0.0,0.0,-0.02052721764386771,0.0,0.0,-0.002900949783391622,0.0,0.0,0.0
Y,0.0,0.0,0.0,0.0,0.0,-0.002900949783391622,3.309029797282878,0.0,4.288361364299898,0.0
V,0.0,0.0,0.0,-0.002900949783391622,0.0,0.5968428163224991,0.0,0.0,0.0,0.0
B,0.0,0.0,0.0,0.0,0.0,0.0,0.0,0.0,0.0,0.0
Z,0.0,0.0,0.0,0.0,0.0,0.0,0.0,0.0,0.0,0.0
X,0.0,0.0,0.0,0.0,0.0,0.0,0.0,0.0,0.0,0.0
-,0.0,0.0,0.0,-0.02052721764386771,0.0,0.0,-0.021252455089715617,0.0,0.0,-0.014503558850776707
